cableId,categorie,stdLoad
1,naive,25.173001410241092
2,naive,41.056948660772804
3,naive,55.76951183218301
4,naive,41.0569486607728
5,naive,39.54399448715317
6,naive,65.35896319557096
7,naive,69.50998438045738
8,naive,46.33230145733464
9,naive,67.16242724420651
10,naive,52.9096928738015
11,naive,59.609101654025956
12,naive,176.95110224767367
13,naive,68.95705330131211
14,naive,61.24532335887642
15,naive,192.59141847338537
1,bs,0.0
2,bs,41.056948660772804
3,bs,0.0
4,bs,19.834345212282656
5,bs,15.167440456451446
6,bs,57.23000465956064
7,bs,84.0134753080322
8,bs,39.54541734933813
9,bs,52.91170601420194
10,bs,12.473363620130698
11,bs,0.0
12,bs,0.0
13,bs,0.0
14,bs,0.0
15,bs,0.0
1,naive,11.030865786510141
2,naive,32.4997415374338
3,naive,0.0
4,naive,32.498862031359394
5,naive,54.45893468170918
6,naive,34.64964682359692
7,naive,35.823952136338434
8,naive,54.45893468170918
9,naive,46.711040361638986
10,naive,46.71196170861021
11,naive,40.736421664157
12,naive,116.59428575668325
13,naive,20.265680348806452
14,naive,29.928702499997115
15,naive,127.99612205063089
1,bs,0.0
2,bs,16.645293629131324
3,bs,0.0
4,bs,32.498862031359394
5,bs,31.635716102742695
6,bs,7.382194795587555
7,bs,40.5154838713958
8,bs,49.78247214967667
9,bs,38.40883275150825
10,bs,28.81007173426219
11,bs,0.0
12,bs,0.0
13,bs,0.0
14,bs,0.0
15,bs,0.0
1,naive,25.76697110643779
2,naive,37.666295610266744
3,naive,10.316687937511729
4,naive,37.66604217771404
5,naive,31.692894576965774
6,naive,46.57979128774899
7,naive,43.39107107330826
8,naive,31.695269231648222
9,naive,47.78921670558468
10,naive,47.788671164478586
11,naive,6.406387437550121
12,naive,63.05953585849957
13,naive,56.10892308715254
14,naive,59.394121201793475
15,naive,74.85687304173571
1,bs,0.0
2,bs,30.17858567483462
3,bs,0.0
4,bs,23.71739937963969
5,bs,32.15136907401197
6,bs,59.8390001030543
7,bs,38.21569878117281
8,bs,18.66333392867773
9,bs,27.73451700198389
10,bs,43.847201735116464
11,bs,0.0
12,bs,0.0
13,bs,0.0
14,bs,0.0
15,bs,0.0
1,naive,28.906525214906065
2,naive,46.85456105510612
3,naive,14.11385135248349
4,naive,46.85456105510611
5,naive,29.060349131878418
6,naive,16.493309855817294
7,naive,30.9885121571573
8,naive,24.21699885066961
9,naive,37.050498422198494
10,naive,59.128151501632445
11,naive,24.00627522128329
12,naive,129.01293008842177
13,naive,51.39252085663828
14,naive,80.64712600789524
15,naive,137.52184836634228
1,bs,0.0
2,bs,27.415335732639374
3,bs,0.0
4,bs,41.97976059960323
5,bs,24.218594096272394
6,bs,29.641916267340072
7,bs,42.90016841458784
8,bs,8.26607827207074
9,bs,13.33603389317828
10,bs,37.050498422198494
11,bs,0.0
12,bs,0.0
13,bs,0.0
14,bs,0.0
15,bs,0.0
1,naive,64.62248873263859
2,naive,51.28645483946029
3,naive,61.16473657263636
4,naive,12.713779925734128
5,naive,45.320495271639146
6,naive,66.6870251998093
7,naive,65.29194820190311
8,naive,29.437802793913363
9,naive,13.079127137032756
10,naive,13.079127137032756
11,naive,55.39474523815414
12,naive,76.54269370408338
13,naive,33.76434880165765
14,naive,68.51586701876678
15,naive,93.94889135292149
1,bs,0.0
2,bs,51.28645483946029
3,bs,0.0
4,bs,12.713779925734128
5,bs,29.437802793913363
6,bs,89.03224078950277
7,bs,89.02711796600704
8,bs,6.936717523440033
9,bs,8.89620893040026
10,bs,9.621981777852904
11,bs,0.0
12,bs,0.0
13,bs,0.0
14,bs,0.0
15,bs,0.0
1,naive,58.41409119382069
2,naive,22.96578832379445
3,naive,31.918800102760756
4,naive,22.963512362005947
5,naive,62.327671757147066
6,naive,92.93560747456632
7,naive,81.45447745958651
8,naive,46.88406694532092
9,naive,48.999473466558804
10,naive,49.51062040949733
11,naive,62.65673188093998
12,naive,133.76302429213305
13,naive,26.650854582920974
14,naive,53.315946019929164
15,naive,149.31886033024293
1,bs,0.0
2,bs,26.014458479853083
3,bs,0.0
4,bs,22.963512362005947
5,bs,46.88406694532092
6,bs,97.89985563489525
7,bs,80.96652945301946
8,bs,6.618519471906085
9,bs,30.561155082882586
10,bs,48.99908808675252
11,bs,0.0
12,bs,0.0
13,bs,0.0
14,bs,0.0
15,bs,0.0
1,naive,69.50152552282576
2,naive,3.6203867196751243
3,naive,30.497515472575795
4,naive,3.627457787486988
5,naive,9.869340994548049
6,naive,64.8750535470089
7,naive,65.67580604758498
8,naive,9.86997635930975
9,naive,39.168107243010866
10,naive,33.80304473465864
11,naive,50.24700787111607
12,naive,70.24569540692592
13,naive,56.68167957991365
14,naive,62.45874198220774
15,naive,102.45081512837189
1,bs,0.0
2,bs,3.6203867196751243
3,bs,0.0
4,bs,3.627457787486988
5,bs,9.409505831870238
6,bs,92.80094342192864
7,bs,71.96318016875018
8,bs,5.701108079429238
9,bs,33.80304473465864
10,bs,13.61180553784104
11,bs,0.0
12,bs,0.0
13,bs,0.0
14,bs,0.0
15,bs,0.0
1,naive,42.822386668657316
2,naive,12.696997020293157
3,naive,12.402652942012043
4,naive,12.691418360451285
5,naive,41.30217054425429
6,naive,48.712965069979994
7,naive,41.69113484902995
8,naive,41.30217054425429
9,naive,21.92020605134298
10,naive,35.53762266950338
11,naive,67.69840323080005
12,naive,77.49928652423006
13,naive,1.831406563273158
14,naive,21.88240008164857
15,naive,95.34602209929227
1,bs,0.0
2,bs,12.696997020293157
3,bs,0.0
4,bs,12.70670885792226
5,bs,27.739128200672297
6,bs,62.07517344585783
7,bs,39.09645124560541
8,bs,30.792181366920612
9,bs,9.256027765731906
10,bs,21.92020605134298
11,bs,0.0
12,bs,0.0
13,bs,0.0
14,bs,0.0
15,bs,0.0
1,naive,9.963134546918454
2,naive,49.546075862103685
3,naive,32.6046936805117
4,naive,49.55122332832292
5,naive,23.958637273434395
6,naive,61.15560721299187
7,naive,61.747179620008886
8,naive,24.517930173650466
9,naive,27.647116184754847
10,naive,47.471188016171105
11,naive,34.32296315879501
12,naive,104.88289272644356
13,naive,67.27413916208813
14,naive,66.26794800907399
15,naive,144.66987184778503
1,bs,0.0
2,bs,31.734952339652256
3,bs,0.0
4,bs,49.55122332832292
5,bs,24.52300212725459
6,bs,60.75483053497338
7,bs,63.44353027167807
8,bs,16.56751188320081
9,bs,20.887934316250615
10,bs,27.651996914026544
11,bs,0.0
12,bs,0.0
13,bs,0.0
14,bs,0.0
15,bs,0.0
1,naive,51.64707929786543
2,naive,44.500218351524225
3,naive,61.41929501386352
4,naive,44.49798347490965
5,naive,20.119006560961207
6,naive,58.87408283786678
7,naive,64.31700187353263
8,naive,20.1199378726675
9,naive,67.07495260279106
10,naive,67.07507851902474
11,naive,38.62924345622109
12,naive,76.56698374378617
13,naive,65.5629407516167
14,naive,60.99519188701133
15,naive,96.60451640583126
1,bs,0.0
2,bs,7.912524881477466
3,bs,0.0
4,bs,44.49798347490965
5,bs,12.394774436565328
6,bs,81.65960159915876
7,bs,81.65960159915878
8,bs,16.572558643733924
9,bs,44.65466269047389
10,bs,50.47321104638909
11,bs,0.0
12,bs,0.0
13,bs,0.0
14,bs,0.0
15,bs,0.0
1,naive,5.3810826048296265
2,naive,4.525483399593903
3,naive,68.49743389354086
4,naive,4.532554467405769
5,naive,21.278825938790266
6,naive,71.72160885442175
7,naive,64.5373599303978
8,naive,36.084236978677176
9,naive,23.74268027554317
10,naive,23.7422174968276
11,naive,50.10558651487875
12,naive,63.19523402078021
13,naive,59.87073116306498
14,naive,50.95435833501717
15,naive,82.23853295392175
1,bs,0.0
2,bs,4.525483399593903
3,bs,0.0
4,bs,4.532554467405769
5,bs,13.937074657186853
6,bs,91.9801469521186
7,bs,58.825581949239286
8,bs,21.273951991422123
9,bs,13.977256526228599
10,bs,20.996866432875166
11,bs,0.0
12,bs,0.0
13,bs,0.0
14,bs,0.0
15,bs,0.0
1,naive,10.26719046282867
2,naive,33.97210669554264
3,naive,29.11158618145016
4,naive,33.9676395019338
5,naive,11.480995891762468
6,naive,20.591433898589965
7,naive,22.25416095924535
8,naive,11.657209500276357
9,naive,45.150687979254535
10,naive,45.150687979254535
11,naive,32.44913018865066
12,naive,59.65091491951565
13,naive,39.357563440843236
14,naive,64.96755369669796
15,naive,85.99539335573833
1,bs,0.0
2,bs,33.97210669554264
3,bs,0.0
4,bs,16.970562748477146
5,bs,11.657413949929031
6,bs,28.16693155693984
7,bs,28.16693155693983
8,bs,7.735748186180831
9,bs,26.069665002322782
10,bs,42.76771250994531
11,bs,0.0
12,bs,0.0
13,bs,0.0
14,bs,0.0
15,bs,0.0
1,naive,0.0
2,naive,38.39589821842953
3,naive,10.903586565896562
4,naive,2.644579361637684
5,naive,75.72032284444293
6,naive,24.608768762374112
7,naive,23.11139949606399
8,naive,75.72032284444293
9,naive,18.73205897207601
10,naive,18.731964436936845
11,naive,44.88713846972203
12,naive,84.09962482350647
13,naive,49.76617525990921
14,naive,78.98081876844107
15,naive,111.18795166449821
1,bs,0.0
2,bs,38.39589821842953
3,bs,0.0
4,bs,2.644579361637684
5,bs,54.41559610993892
6,bs,29.54999238578582
7,bs,26.70897040321847
8,bs,52.689991775794894
9,bs,12.657102090657773
10,bs,13.879621752771222
11,bs,0.0
12,bs,0.0
13,bs,0.0
14,bs,0.0
15,bs,0.0
1,naive,31.494536034048828
2,naive,48.61461405791472
3,naive,64.40328563047075
4,naive,48.61439524461865
5,naive,45.23841030216101
6,naive,56.887032366921304
7,naive,53.54594872630422
8,naive,45.23841030216101
9,naive,48.427282943949415
10,naive,70.98
11,naive,34.82500897343746
12,naive,139.0610150137941
13,naive,19.12723843109611
14,naive,26.601268766733664
15,naive,138.95063760641068
1,bs,0.0
2,bs,31.058013995317424
3,bs,0.0
4,bs,38.299614010239495
5,bs,28.698826340694378
6,bs,78.61604670803537
7,bs,67.81701949609209
8,bs,35.92971796902021
9,bs,15.259364338005694
10,bs,50.190439328621146
11,bs,0.0
12,bs,0.0
13,bs,0.0
14,bs,0.0
15,bs,0.0
1,naive,20.92328965530994
2,naive,25.627786352577026
3,naive,9.284312036979369
4,naive,25.6297411874044
5,naive,41.7223732945926
6,naive,24.80131573570689
7,naive,22.67728788672569
8,naive,25.549278528626466
9,naive,11.585000359660476
10,naive,6.090322925209577
11,naive,63.915381951452034
12,naive,121.35087594107702
13,naive,54.10073982858275
14,naive,79.10402581411391
15,naive,149.55085987412747
1,bs,0.0
2,bs,6.427600640985714
3,bs,0.0
4,bs,25.6297411874044
5,bs,22.881975439196683
6,bs,32.21048017855886
7,bs,26.99861771152985
8,bs,22.87490437138481
9,bs,8.188296526140222
10,bs,6.39224530192639
11,bs,0.0
12,bs,0.0
13,bs,0.0
14,bs,0.0
15,bs,0.0
1,naive,60.40813231676676
2,naive,50.28734922091903
3,naive,61.86477228601104
4,naive,50.28639933752797
5,naive,50.916008288160214
6,naive,60.775074523469996
7,naive,58.188008128823256
8,naive,60.68656983495882
9,naive,37.42493865503768
10,naive,37.425422175307524
11,naive,49.65303817491937
12,naive,109.27132863758096
13,naive,10.040916292848975
14,naive,22.445225178940248
15,naive,117.27928716557119
1,bs,0.0
2,bs,44.718391443938735
3,bs,0.0
4,bs,29.524175404798914
5,bs,17.981725445573897
6,bs,84.13986332292203
7,bs,87.44042905506201
8,bs,50.914461927170876
9,bs,21.93036783397245
10,bs,33.40707110777597
11,bs,0.0
12,bs,0.0
13,bs,0.0
14,bs,0.0
15,bs,0.0
1,naive,14.085567081236027
2,naive,64.0241820851049
3,naive,59.24847719562082
4,naive,64.0241820851049
5,naive,46.20876143474669
6,naive,49.05726163825743
7,naive,59.327042761103286
8,naive,62.075000067123106
9,naive,28.837255272765933
10,naive,18.141073103136247
11,naive,33.53807463167795
12,naive,121.71514626372512
13,naive,5.473006486383878
14,naive,42.27546215004634
15,naive,138.5191547990746
1,bs,0.0
2,bs,47.892267643117506
3,bs,0.0
4,bs,42.86405992592552
5,bs,19.97576656851997
6,bs,51.85502322179919
7,bs,83.51292375035935
8,bs,43.89011790824901
9,bs,18.142652323553282
10,bs,6.264966081312811
11,bs,0.0
12,bs,0.0
13,bs,0.0
14,bs,0.0
15,bs,0.0
1,naive,17.932227970890846
2,naive,50.92255459682543
3,naive,5.430580079512685
4,naive,50.92182398867241
5,naive,19.879779509172966
6,naive,49.776532054104905
7,naive,46.66470500638929
8,naive,34.41583792383965
9,naive,19.28201752929397
10,naive,19.282586920155016
11,naive,23.426447660710323
12,naive,76.80556519911532
13,naive,28.581256095560253
14,naive,68.77913734071788
15,naive,88.23691577915068
1,bs,0.0
2,bs,29.626942130432564
3,bs,0.0
4,bs,50.457809438513415
5,bs,17.762522343406076
6,bs,59.54872318810315
7,bs,42.1822407339076
8,bs,19.874383009291126
9,bs,17.87608178544728
10,bs,11.164771978564243
11,bs,0.0
12,bs,0.0
13,bs,0.0
14,bs,0.0
15,bs,0.0
1,naive,31.34604360999965
2,naive,57.907687673284514
3,naive,3.005203820042827
4,naive,57.90807945931783
5,naive,47.75632802746319
6,naive,42.29908408329564
7,naive,50.096223576899156
8,naive,47.75616016110731
9,naive,30.40614562332205
10,naive,30.405803174174938
11,naive,6.943788591251897
12,naive,59.514884031155006
13,naive,6.8518647096976455
14,naive,26.596109364591907
15,naive,62.35988452921922
1,bs,0.0
2,bs,34.71790460266864
3,bs,0.0
4,bs,49.56403837461189
5,bs,32.42381891963581
6,bs,34.19993116464808
7,bs,60.29676801731029
8,bs,35.19382663668919
9,bs,25.42717443995695
10,bs,18.51790214900165
11,bs,0.0
12,bs,0.0
13,bs,0.0
14,bs,0.0
15,bs,0.0
1,naive,55.23211067848123
2,naive,28.84995667241114
3,naive,44.15881848509989
4,naive,28.84995667241114
5,naive,55.785549801598854
6,naive,86.81099123958901
7,naive,86.87727464648047
8,naive,41.07824890782631
9,naive,45.33810795934622
10,naive,46.599143053637086
11,naive,26.969052634454922
12,naive,150.4803026866529
13,naive,59.389898551858124
14,naive,84.48047368080587
15,naive,175.39601291753593
1,bs,0.0
2,bs,28.84995667241114
3,bs,0.0
4,bs,28.84995667241114
5,bs,41.07824890782631
6,bs,89.14307114595802
7,bs,89.9670521172427
8,bs,3.8890872965260113
9,bs,1.5485638507985375
10,bs,1.5414927829866785
11,bs,0.0
12,bs,0.0
13,bs,0.0
14,bs,0.0
15,bs,0.0
1,naive,45.54474777622552
2,naive,51.31519877190382
3,naive,17.12612624033818
4,naive,51.31546355631994
5,naive,30.023997069011315
6,naive,50.06413113863724
7,naive,47.44137414696566
8,naive,35.57084667720651
9,naive,63.805160188394375
10,naive,63.80481512655086
11,naive,52.26933326530959
12,naive,96.7336488234879
13,naive,40.729350596345135
14,naive,43.997091191729176
15,naive,114.93352912691564
1,bs,0.0
2,bs,34.77314912400083
3,bs,0.0
4,bs,37.902619082766996
5,bs,10.93187083714402
6,bs,45.01017366477642
7,bs,59.55093527113295
8,bs,30.025499718295002
9,bs,41.58614072019667
10,bs,49.131061797332784
11,bs,0.0
12,bs,0.0
13,bs,0.0
14,bs,0.0
15,bs,0.0
1,naive,14.276485912156396
2,naive,14.078496013424164
3,naive,63.575970696482486
4,naive,2.283954903232549
5,naive,49.6863445358313
6,naive,71.33557289319262
7,naive,70.8011866325094
8,naive,49.68679729062842
9,naive,44.39838022570944
10,naive,44.399976726720624
11,naive,39.84546711986196
12,naive,91.62067704092732
13,naive,1.2869343417595165
14,naive,55.464927957524054
15,naive,100.83325092083885
1,bs,0.0
2,bs,14.078496013424164
3,bs,0.0
4,bs,2.283954903232549
5,bs,29.309835095635272
6,bs,55.18573940189017
7,bs,84.05590773407899
8,bs,43.73935527645555
9,bs,45.1549580149659
10,bs,26.185217840096982
11,bs,0.0
12,bs,0.0
13,bs,0.0
14,bs,0.0
15,bs,0.0
1,naive,69.09140358973755
2,naive,37.4788726039974
3,naive,1.619274528917194
4,naive,37.479620239982864
5,naive,44.146128086164026
6,naive,57.3792369241697
7,naive,56.49970766886025
8,naive,44.14529419994843
9,naive,57.78743288985936
10,naive,57.787032787065066
11,naive,50.40257136297711
12,naive,86.66238863967948
13,naive,35.75131885679185
14,naive,50.63001613009158
15,naive,90.63415491428984
1,bs,0.0
2,bs,21.86208590231042
3,bs,0.0
4,bs,37.3859149056611
5,bs,35.79657944552803
6,bs,53.126210966590364
7,bs,54.1565517735389
8,bs,27.53126283578967
9,bs,34.56599533260012
10,bs,49.65409382249698
11,bs,0.0
12,bs,0.0
13,bs,0.0
14,bs,0.0
15,bs,0.0
1,naive,32.97946027454058
2,naive,49.37838393467327
3,naive,17.281689732199222
4,naive,49.37838393467327
5,naive,25.73242231763915
6,naive,36.79717566154591
7,naive,44.009383317651704
8,naive,25.732327916455596
9,naive,25.843835338432257
10,naive,14.975860576274073
11,naive,26.17002197171412
12,naive,56.85882685367744
13,naive,11.384419177103416
14,naive,32.86667055442844
15,naive,68.38289021439554
1,bs,0.0
2,bs,48.03474992128095
3,bs,0.0
4,bs,28.57186728234611
5,bs,17.387686255891936
6,bs,35.54051068850869
7,bs,56.184396410391386
8,bs,19.06486034567261
9,bs,14.975320809028878
10,bs,12.261231585774734
11,bs,0.0
12,bs,0.0
13,bs,0.0
14,bs,0.0
15,bs,0.0
1,naive,0.0
2,naive,53.713502026957805
3,naive,69.25403814941046
4,naive,53.71458088824672
5,naive,46.08109482206341
6,naive,57.29792169005783
7,naive,42.3342638021103
8,naive,48.14673985155519
9,naive,65.8609871243971
10,naive,45.226155043293254
11,naive,66.34782927873376
12,naive,175.87430554233896
13,naive,36.274577874869884
14,naive,37.7148052273021
15,naive,168.21658106178964
1,bs,0.0
2,bs,31.1960622515086
3,bs,0.0
4,bs,49.1543416190269
5,bs,26.33972759919889
6,bs,51.48407164680483
7,bs,58.07467993885115
8,bs,46.08047561965191
9,bs,45.226155043293254
10,bs,3.3728993462598287
11,bs,0.0
12,bs,0.0
13,bs,0.0
14,bs,0.0
15,bs,0.0
1,naive,52.417825689358764
2,naive,15.680507007109176
3,naive,5.267945519839779
4,naive,15.680507007109178
5,naive,17.846748536731653
6,naive,54.477925919586916
7,naive,54.460549138803216
8,naive,34.8050001197146
9,naive,16.833362706245
10,naive,28.272797733274768
11,naive,46.379133778025654
12,naive,85.74392281672212
13,naive,27.59130660189909
14,naive,32.536801215444235
15,naive,101.6819250229048
1,bs,0.0
2,bs,17.960512242138307
3,bs,0.0
4,bs,15.680507007109178
5,bs,17.140268375961913
6,bs,54.927331008038855
7,bs,54.77901019855446
8,bs,24.60731598529185
9,bs,19.954553365084372
10,bs,16.830746665948404
11,bs,0.0
12,bs,0.0
13,bs,0.0
14,bs,0.0
15,bs,0.0
1,naive,50.939972516678885
2,naive,27.518830522631827
3,naive,17.6140299193569
4,naive,27.51883052263183
5,naive,36.55986962048233
6,naive,43.816045075526915
7,naive,32.20478748053877
8,naive,36.559670289359374
9,naive,76.96723604885392
10,naive,76.96718738094393
11,naive,62.571879067197585
12,naive,93.86243566001419
13,naive,30.497515472575795
14,naive,58.76082396744734
15,naive,104.6691425510434
1,bs,0.0
2,bs,27.518830522631827
3,bs,0.0
4,bs,13.498668452851195
5,bs,23.55298353358515
6,bs,44.970353567656105
7,bs,44.554798282564356
8,bs,28.5286966637688
9,bs,55.74240875072885
10,bs,53.14922608404879
11,bs,0.0
12,bs,0.0
13,bs,0.0
14,bs,0.0
15,bs,0.0
1,naive,68.48329175791713
2,naive,30.197039589999548
3,naive,27.633733008770275
4,naive,30.19165171588552
5,naive,17.299024057250552
6,naive,39.489000324985014
7,naive,57.16280696396915
8,naive,28.63620377540757
9,naive,49.97483458368488
10,naive,49.973289532175755
11,naive,20.704086553142112
12,naive,93.62792086528225
13,naive,30.497515472575795
14,naive,57.865008712807885
15,naive,102.98631050189947
1,bs,0.0
2,bs,30.197039589999548
3,bs,0.0
4,bs,26.834702346029477
5,bs,8.930758646386098
6,bs,52.27640433312146
7,bs,55.83266457310929
8,bs,17.299887282869793
9,bs,29.123239860977005
10,bs,45.23827030291941
11,bs,0.0
12,bs,0.0
13,bs,0.0
14,bs,0.0
15,bs,0.0
1,naive,42.00921387029278
2,naive,39.39283225833518
3,naive,57.43121276797139
4,naive,39.39283225833519
5,naive,18.90181362550518
6,naive,98.57245522964314
7,naive,101.70786498594886
8,naive,18.90158194437704
9,naive,46.73006526851851
10,naive,46.73076244117287
11,naive,2.2344574285494905
12,naive,55.03911969734639
13,naive,38.14133977720237
14,naive,97.99085773683176
15,naive,88.792893697706
1,bs,0.0
2,bs,24.21133618782738
3,bs,0.0
4,bs,39.39283225833519
5,bs,14.983915821084064
6,bs,86.87030677970465
7,bs,89.64350562087586
8,bs,12.007759990939194
9,bs,45.6920025825089
10,bs,27.073733272922176
11,bs,0.0
12,bs,0.0
13,bs,0.0
14,bs,0.0
15,bs,0.0
1,naive,32.34306417147268
2,naive,20.557218521320763
3,naive,3.12541197284454
4,naive,20.55260648514765
5,naive,54.39386025401519
6,naive,20.297953167198358
7,naive,21.169060625775955
8,naive,77.89071938727147
9,naive,48.67149028606651
10,naive,48.67321328684461
11,naive,59.015131957829254
12,naive,116.50171892473648
13,naive,8.591347391416553
14,naive,29.926503860847717
15,naive,131.67152080743102
1,bs,0.0
2,bs,11.370277041479685
3,bs,0.0
4,bs,20.55260648514765
5,bs,1.697056274847718
6,bs,25.124882752628587
7,bs,26.481148640746937
8,bs,54.39086412257118
9,bs,45.21560055261163
10,bs,28.164197722167295
11,bs,0.0
12,bs,0.0
13,bs,0.0
14,bs,0.0
15,bs,0.0
1,naive,54.01588701484037
2,naive,28.27053471962165
3,naive,35.56747109368334
4,naive,28.271257930980006
5,naive,58.46845552660568
6,naive,44.29498002434523
7,naive,40.5357672529547
8,naive,44.84252557561851
9,naive,50.48108292552105
10,naive,39.84821576934154
11,naive,49.45504827618713
12,naive,177.45538001612312
13,naive,34.67651654938829
14,naive,34.06969376635683
15,naive,177.26175779440877
1,bs,0.0
2,bs,27.93144524247418
3,bs,0.0
4,bs,16.431713239951577
5,bs,44.84252557561852
6,bs,63.549118273453125
7,bs,63.54865616203068
8,bs,8.152941187080893
9,bs,13.321891757554548
10,bs,13.314820689742694
11,bs,0.0
12,bs,0.0
13,bs,0.0
14,bs,0.0
15,bs,0.0
1,naive,11.53291160115259
2,naive,62.47182324856543
3,naive,12.727922061357855
4,naive,62.47114373852939
5,naive,62.438958124448774
6,naive,14.465499472883748
7,naive,13.148377276302957
8,naive,41.87967327156855
9,naive,27.281160165946023
10,naive,30.984364336441264
11,naive,11.250068888677971
12,naive,118.90382176364223
13,naive,64.38207242703515
14,naive,64.82998251837904
15,naive,148.6186656233552
1,bs,0.0
2,bs,38.08336425965192
3,bs,0.0
4,bs,52.17417592385465
5,bs,41.87630833777018
6,bs,22.442059471744862
7,bs,17.169101121879773
8,bs,5.833630944789017
9,bs,4.567909806465098
10,bs,4.560838738653233
11,bs,0.0
12,bs,0.0
13,bs,0.0
14,bs,0.0
15,bs,0.0
1,naive,67.37313411145425
2,naive,0.28991378028648457
3,naive,36.903902910125915
4,naive,0.2969848480983512
5,naive,41.88914686407447
6,naive,55.23697517528591
7,naive,53.248258683057216
8,naive,24.309430268930615
9,naive,42.389278027192994
10,naive,42.38994888728537
11,naive,39.20907101679406
12,naive,91.4453548574229
13,naive,4.596194077712559
14,naive,17.390184971222514
15,naive,81.08000066395331
1,bs,0.0
2,bs,0.28991378028648457
3,bs,0.0
4,bs,0.2969848480983512
5,bs,24.308994905864232
6,bs,76.75163901615825
7,bs,73.74011956413777
8,bs,19.388867940135132
9,bs,24.501308808578642
10,bs,41.00758019358535
11,bs,0.0
12,bs,0.0
13,bs,0.0
14,bs,0.0
15,bs,0.0
1,naive,13.01783584164434
2,naive,10.82562392351283
3,naive,26.700352057604032
4,naive,10.82562392351283
5,naive,19.26
6,naive,30.297856524843468
7,naive,32.028315857482525
8,naive,9.984915289241735
9,naive,46.41771429099025
10,naive,27.180005518763238
11,naive,36.26043573924616
12,naive,93.6137202372957
13,naive,12.982480502585013
14,naive,33.354204132812605
15,naive,92.29239069073768
1,bs,0.0
2,bs,10.82562392351283
3,bs,0.0
4,bs,11.17228714274745
5,bs,13.618876605652908
6,bs,33.62655349571228
7,bs,39.41727582334087
8,bs,10.040916292848976
9,bs,27.185007510268107
10,bs,19.197949109214765
11,bs,0.0
12,bs,0.0
13,bs,0.0
14,bs,0.0
15,bs,0.0
1,naive,41.7405132934419
2,naive,49.812657277041545
3,naive,18.264568158048522
4,naive,49.812657277041545
5,naive,51.16000285053419
6,naive,43.32366928135242
7,naive,40.13765883983341
8,naive,51.16000285053419
9,naive,54.46081251689144
10,naive,36.849237441228006
11,naive,11.172287142747452
12,naive,69.00495557652108
13,naive,3.585031380615796
14,naive,10.882373362460967
15,naive,70.4026170647952
1,bs,0.0
2,bs,32.287085653555046
3,bs,0.0
4,bs,38.59929144427395
5,bs,36.65059753946721
6,bs,42.96434451961301
7,bs,51.81971503845488
8,bs,35.709755436481686
9,bs,36.84676557492303
10,bs,4.221427483683683
11,bs,0.0
12,bs,0.0
13,bs,0.0
14,bs,0.0
15,bs,0.0
1,naive,42.13649309090637
2,naive,25.469986258339443
3,naive,30.306596641655425
4,naive,25.477057326151307
5,naive,42.29919020107438
6,naive,46.51278157668062
7,naive,42.591529674337835
8,naive,42.2990232353735
9,naive,41.24335057517353
10,naive,41.242037918447565
11,naive,40.06467022202978
12,naive,82.2407226486046
13,naive,10.196479784710014
14,naive,11.21556507715951
15,naive,87.14716814598468
1,bs,0.0
2,bs,25.469986258339443
3,bs,0.0
4,bs,25.477057326151307
5,bs,32.4825142705015
6,bs,57.395951947850804
7,bs,53.32348106916252
8,bs,27.63794915208676
9,bs,24.42017471954968
10,bs,36.05334519846945
11,bs,0.0
12,bs,0.0
13,bs,0.0
14,bs,0.0
15,bs,0.0
1,naive,52.48853636747742
2,naive,44.445125342006484
3,naive,27.287250685988873
4,naive,44.445125342006484
5,naive,66.84181076741314
6,naive,90.38257938974112
7,naive,90.94659736036623
8,naive,66.84171720066244
9,naive,44.3646766395669
10,naive,42.3110450513023
11,naive,10.26719046282867
12,naive,102.87823195949234
13,naive,21.10006635060658
14,naive,70.23691657525977
15,naive,127.76962390332712
1,bs,0.0
2,bs,29.980155658924346
3,bs,0.0
4,bs,32.98352518050994
5,bs,45.18097055177102
6,bs,82.6742226553517
7,bs,87.50844468773667
8,bs,49.49992457906712
9,bs,2.5173001410241107
10,bs,2.5173001410241107
11,bs,0.0
12,bs,0.0
13,bs,0.0
14,bs,0.0
15,bs,0.0
1,naive,67.88225099390856
2,naive,35.60976130220476
3,naive,63.0809959496519
4,naive,35.60846856203357
5,naive,10.46688548072762
6,naive,99.1576092222209
7,naive,99.0817709106257
8,naive,9.09267837328474
9,naive,27.11405416630522
10,naive,27.114679142486636
11,naive,13.00369370602061
12,naive,35.07517121998283
13,naive,24.508321035925732
14,naive,65.41145847632508
15,naive,64.01309157190107
1,bs,0.0
2,bs,35.60976130220476
3,bs,0.0
4,bs,14.778531726798843
5,bs,9.08845604782976
6,bs,100.37836685926571
7,bs,118.2309243246735
8,bs,3.7618080759124317
9,bs,25.73773947597833
10,bs,15.657491284791869
11,bs,0.0
12,bs,0.0
13,bs,0.0
14,bs,0.0
15,bs,0.0
1,naive,23.560797949135765
2,naive,54.343868329370885
3,naive,59.121197975007235
4,naive,54.343594838766414
5,naive,31.408360219321647
6,naive,63.19840683645962
7,naive,58.4647311114023
8,naive,19.29451821977769
9,naive,29.204269665010745
10,naive,16.868874690782825
11,naive,63.13756449214683
12,naive,101.6132410499078
13,naive,35.96345089114781
14,naive,48.94761928156806
15,naive,101.99685360357564
1,bs,0.0
2,bs,33.951567465042515
3,bs,0.0
4,bs,43.9691645739754
5,bs,19.29451821977769
6,bs,70.46981552409514
7,bs,64.05313647017347
8,bs,8.478210306426703
9,bs,16.874249612945757
10,bs,14.877526676164958
11,bs,0.0
12,bs,0.0
13,bs,0.0
14,bs,0.0
15,bs,0.0
1,naive,63.752747391779124
2,naive,21.98983003572333
3,naive,38.07062909908372
4,naive,21.98983003572333
5,naive,50.57852409867255
6,naive,48.44894453737578
7,naive,48.293189238087336
8,naive,63.810379772155144
9,naive,27.715963360489564
10,naive,27.715963360489564
11,naive,25.908392462675103
12,naive,90.70928300528746
13,naive,12.600642840744278
14,naive,42.40790531650123
15,naive,91.96656169629316
1,bs,0.0
2,bs,13.370947361100983
3,bs,0.0
4,bs,18.433866478124802
5,bs,12.529932162625622
6,bs,72.00031689745076
7,bs,72.00532549749359
8,bs,50.580490639507765
9,bs,16.59440367513498
10,bs,23.775837174184492
11,bs,0.0
12,bs,0.0
13,bs,0.0
14,bs,0.0
15,bs,0.0
1,naive,3.7688791437242983
2,naive,63.08045041849337
3,naive,35.921024484276614
4,naive,63.081069201993294
5,naive,22.779394929043516
6,naive,22.67462820611871
7,naive,14.030189948821077
8,naive,38.43832332451559
9,naive,51.754277359460836
10,naive,51.754277359460836
11,naive,38.303974336875285
12,naive,67.97367746371515
13,naive,9.149961748553924
14,naive,9.149961748553924
15,naive,67.25717815629226
1,bs,0.0
2,bs,51.925063633406694
3,bs,0.0
4,bs,38.871636188871705
5,bs,14.142135623730953
6,bs,0.7283199846221448
7,bs,0.7353910524340138
8,bs,22.784183841720843
9,bs,40.598772148920965
10,bs,33.18439844264169
11,bs,0.0
12,bs,0.0
13,bs,0.0
14,bs,0.0
15,bs,0.0
1,naive,19.33229939764021
2,naive,60.56292670988306
3,naive,6.866006845321377
4,naive,60.56292670988306
5,naive,44.63554189208416
6,naive,26.80568228126459
7,naive,25.866036735655047
8,naive,68.78791075957074
9,naive,49.90865389221927
10,naive,78.54
11,naive,24.755808409341025
12,naive,184.0833845842693
13,naive,63.60425496772995
14,naive,66.0479979509851
15,naive,209.77311332723266
1,bs,0.0
2,bs,47.264878080875235
3,bs,0.0
4,bs,39.008004734071356
5,bs,10.663170260293136
6,bs,33.51098762595138
7,bs,24.73535981141168
8,bs,44.63554189208416
9,bs,9.956063479106588
10,bs,55.536166594391446
11,bs,0.0
12,bs,0.0
13,bs,0.0
14,bs,0.0
15,bs,0.0
1,naive,47.446865017617334
2,naive,48.696134257933316
3,naive,10.953084040579622
4,naive,48.6965970748128
5,naive,32.62094470326286
6,naive,32.73551282628699
7,naive,36.58913651770305
8,naive,36.16789587004844
9,naive,37.241783881369955
10,naive,37.24191769140431
11,naive,59.84951795962938
12,naive,92.3720321129002
13,naive,26.622570311673513
14,naive,44.717285621259855
15,naive,104.14588145547538
1,bs,0.0
2,bs,28.659984298669816
3,bs,0.0
4,bs,43.06406506589921
5,bs,15.549278118292175
6,bs,41.441250383323776
7,bs,49.93307821474658
8,bs,32.620944703262865
9,bs,27.214085201111086
10,bs,25.4905910746168
11,bs,0.0
12,bs,0.0
13,bs,0.0
14,bs,0.0
15,bs,0.0
1,naive,57.27564927611035
2,naive,62.12324598462854
3,naive,33.043099884847365
4,naive,62.12324598462854
5,naive,48.037194183257625
6,naive,52.14661078791858
7,naive,56.480605786411324
8,naive,48.037194183257625
9,naive,40.09558360966953
10,naive,27.14399810885149
11,naive,30.539941879446985
12,naive,72.77211418266188
13,naive,12.94005409571382
14,naive,50.970874036061026
15,naive,82.8299665227382
1,bs,0.0
2,bs,40.053489652380264
3,bs,0.0
4,bs,48.4270141553245
5,bs,40.63960752763245
6,bs,66.09037171429235
7,bs,69.72216505531078
8,bs,29.023760955465438
9,bs,27.147274878582806
10,bs,3.0617723625377495
11,bs,0.0
12,bs,0.0
13,bs,0.0
14,bs,0.0
15,bs,0.0
1,naive,2.2132442251138937
2,naive,30.093724151944592
3,naive,36.6422734010869
4,naive,30.093724151944592
5,naive,41.44845835492558
6,naive,38.24806789154058
7,naive,38.09473615969696
8,naive,28.519644691568885
9,naive,41.58215843363593
10,naive,49.27807254076942
11,naive,42.47590434587591
12,naive,207.85385803491835
13,naive,44.971991283464426
14,naive,61.482299891920114
15,naive,237.76383184940954
1,bs,0.0
2,bs,30.093724151944592
3,bs,0.0
4,bs,5.4164379438889565
5,bs,16.89278100254662
6,bs,41.2260289946372
7,bs,39.47706676033568
8,bs,16.885709934734752
9,bs,9.531799410394663
10,bs,9.531799410394663
11,bs,0.0
12,bs,0.0
13,bs,0.0
14,bs,0.0
15,bs,0.0
1,naive,18.462558056780754
2,naive,51.55386147839299
3,naive,27.69737261907707
4,naive,51.5555593510535
5,naive,37.75847807667394
6,naive,58.930608345748475
7,naive,70.91230697135722
8,naive,33.01003837218814
9,naive,43.56311312337537
10,naive,43.5626449304141
11,naive,50.204581464244875
12,naive,99.29330804909932
13,naive,18.561553006146873
14,naive,44.25044218234811
15,naive,108.66741319227894
1,bs,0.0
2,bs,51.55386147839299
3,bs,0.0
4,bs,16.27052703510245
5,bs,33.01429387401766
6,bs,49.552774560731365
7,bs,76.82055649368858
8,bs,14.021927470929242
9,bs,25.613236812242217
10,bs,38.61931166312177
11,bs,0.0
12,bs,0.0
13,bs,0.0
14,bs,0.0
15,bs,0.0
1,naive,50.84097756731277
2,naive,34.936952261657474
3,naive,25.1305750033699
4,naive,34.936952261657474
5,naive,49.98464030746512
6,naive,42.936463556955616
7,naive,46.809249862898604
8,naive,49.98464030746511
9,naive,34.79936828928556
10,naive,46.60690971662177
11,naive,44.63965109630674
12,naive,158.60593141493794
13,naive,32.85925212173886
14,naive,69.55214159175834
15,naive,194.45614263656188
1,bs,0.0
2,bs,34.936952261657474
3,bs,0.0
4,bs,14.587612895878472
5,bs,42.78971994922768
6,bs,53.79203038864895
7,bs,63.942253831093566
8,bs,29.96665035223879
9,bs,14.99066376115481
10,bs,14.9906637611548
11,bs,0.0
12,bs,0.0
13,bs,0.0
14,bs,0.0
15,bs,0.0
1,naive,44.378021587267725
2,naive,20.986189903521474
3,naive,64.89118930948946
4,naive,20.987779579237692
5,naive,24.053210457927097
6,naive,86.36399225935749
7,naive,94.65263070242098
8,naive,45.06
9,naive,36.82080480742737
10,naive,36.82080480742737
11,naive,14.856313472729365
12,naive,110.83543792488032
13,naive,26.205377310773454
14,naive,71.02586453773958
15,naive,117.1315713560325
1,bs,0.0
2,bs,19.121962068086354
3,bs,0.0
4,bs,12.203550029943473
5,bs,26.247803717644647
6,bs,106.18177821547349
7,bs,116.99875512158239
8,bs,31.862231560265833
9,bs,21.545236905945902
10,bs,32.98697369164582
11,bs,0.0
12,bs,0.0
13,bs,0.0
14,bs,0.0
15,bs,0.0
1,naive,10.182337649086284
2,naive,77.12029153644758
3,naive,11.914749262993327
4,naive,77.12029153644758
5,naive,46.387139291690175
6,naive,19.294867970525218
7,naive,22.78543328532508
8,naive,46.387139291690175
9,naive,20.26542622300355
10,naive,12.328626579361277
11,naive,35.44019187306976
12,naive,74.32430288943179
13,naive,49.957094090829585
14,naive,81.03820601008721
15,naive,122.61353880233446
1,bs,0.0
2,bs,55.52063490270983
3,bs,0.0
4,bs,53.57012818104259
5,bs,30.882822086072377
6,bs,24.26496720239558
7,bs,24.26496720239558
8,bs,34.906919562363754
9,bs,11.313708498984761
10,bs,11.306637431172895
11,bs,0.0
12,bs,0.0
13,bs,0.0
14,bs,0.0
15,bs,0.0
1,naive,28.02264173842288
2,naive,52.68335505641227
3,naive,41.7617264968775
4,naive,52.68052233352791
5,naive,38.99670327946539
6,naive,45.021810011000966
7,naive,47.302870495804555
8,naive,38.9972523604762
9,naive,50.47379344768927
10,naive,50.47464536774875
11,naive,64.862905038242
12,naive,92.92092793622658
13,naive,54.6239988466608
14,naive,79.55603496907071
15,naive,110.06050550078548
1,bs,0.0
2,bs,0.7990306627407955
3,bs,0.0
4,bs,52.68052233352791
5,bs,22.618002416953917
6,bs,50.17346543077658
7,bs,58.0461856340851
8,bs,35.834857797029606
9,bs,29.977919096116953
10,bs,43.89441460292338
11,bs,0.0
12,bs,0.0
13,bs,0.0
14,bs,0.0
15,bs,0.0
1,naive,21.807173131793125
2,naive,62.83629895742322
3,naive,10.337901140947324
4,naive,62.83657765717884
5,naive,24.581774244346157
6,naive,25.90380724912846
7,naive,24.825845883061547
8,naive,14.642992635842353
9,naive,25.952019028712712
10,naive,16.307867222090486
11,naive,6.0881893860161735
12,naive,56.69185699904352
13,naive,0.982878425849301
14,naive,56.547069773773416
15,naive,72.09300206765172
1,bs,0.0
2,bs,50.96872668607683
3,bs,0.0
4,bs,39.177447594247376
5,bs,14.642992635842353
6,bs,23.113465772142437
7,bs,31.19101419746826
8,bs,8.647915933911476
9,bs,16.309429787702573
10,bs,5.699280656363572
11,bs,0.0
12,bs,0.0
13,bs,0.0
14,bs,0.0
15,bs,0.0
1,naive,66.05084443063541
2,naive,63.84629426730002
3,naive,28.199418433719515
4,naive,63.845633888831166
5,naive,42.85381157687922
6,naive,73.4378657097277
7,naive,70.60110079406222
8,naive,35.31319488991804
9,naive,21.661547343930287
10,naive,32.50043320224107
11,naive,11.730901499884823
12,naive,105.81075309249054
13,naive,16.11496354324142
14,naive,48.37317490097171
15,naive,130.83509366119372
1,bs,0.0
2,bs,40.762741566288206
3,bs,0.0
4,bs,50.328515111548185
5,bs,35.31319488991804
6,bs,67.03554604337414
7,bs,88.45866091947508
8,bs,11.327850634608488
9,bs,3.4153257531310284
10,bs,21.658121648317827
11,bs,0.0
12,bs,0.0
13,bs,0.0
14,bs,0.0
15,bs,0.0
1,naive,27.202397872246483
2,naive,47.90273226375854
3,naive,45.76395087839335
4,naive,47.90221358837884
5,naive,43.98806694244853
6,naive,50.773233228739734
7,naive,50.77483459915383
8,naive,65.89519475399301
9,naive,42.32
10,naive,23.858366107789806
11,naive,19.90505589040131
12,naive,142.14840969915915
13,naive,54.30580079512685
14,naive,47.19739011145991
15,naive,157.4466235043377
1,bs,0.0
2,bs,27.902489733594265
3,bs,0.0
4,bs,43.43585040033176
5,bs,6.710443353460333
6,bs,59.36375963779023
7,bs,54.214539485885766
8,bs,43.991476447148266
9,bs,29.92475897981469
10,bs,28.461047942758537
11,bs,0.0
12,bs,0.0
13,bs,0.0
14,bs,0.0
15,bs,0.0
1,naive,57.07765937737811
2,naive,23.852736390890946
3,naive,44.34973731602026
4,naive,23.852736390890946
5,naive,48.7015019446697
6,naive,51.08473298789419
7,naive,51.44450145103415
8,naive,28.749676519919312
9,naive,51.97741400518755
10,naive,51.97741400518755
11,naive,16.708933239438117
12,naive,72.11215799629319
13,naive,6.286179284748408
14,naive,11.24199418845844
15,naive,71.2608061584553
1,bs,0.0
2,bs,27.676159415641468
3,bs,0.0
4,bs,23.852736390890946
5,bs,28.7554244158095
6,bs,71.75497566951948
7,bs,74.1652115213056
8,bs,33.14209483421349
9,bs,48.58029641737482
10,bs,30.04680570931515
11,bs,0.0
12,bs,0.0
13,bs,0.0
14,bs,0.0
15,bs,0.0
1,naive,59.48182243341238
2,naive,56.32430462657011
3,naive,25.370991308973327
4,naive,56.32430462657011
5,naive,56.77147897492191
6,naive,52.83996899894552
7,naive,48.71002114555073
8,naive,41.420879195561916
9,naive,52.43724121906745
10,naive,32.30546083868794
11,naive,47.77920520477501
12,naive,154.1752987673447
13,naive,25.505341597398772
14,naive,56.45540540993396
15,naive,165.2060678675466
1,bs,0.0
2,bs,49.61956502563615
3,bs,0.0
4,bs,33.21575078182037
5,bs,41.420879195561916
6,bs,62.44083519620794
7,bs,61.51405557539946
8,bs,3.0617723625377495
9,bs,32.30546083868794
10,bs,13.80272436876141
11,bs,0.0
12,bs,0.0
13,bs,0.0
14,bs,0.0
15,bs,0.0
1,naive,60.71925930048884
2,naive,71.47653665131422
3,naive,21.72232031805074
4,naive,71.47653665131422
5,naive,14.370324746968432
6,naive,43.38118399721243
7,naive,50.79765372773061
8,naive,15.370611568834859
9,naive,43.380239741154035
10,naive,45.78620825823718
11,naive,40.99098010538416
12,naive,145.2358223717551
13,naive,2.3263813101037414
14,naive,25.625549750200484
15,naive,143.92168389522857
1,bs,0.0
2,bs,48.82178031712212
3,bs,0.0
4,bs,52.354427701962315
5,bs,1.2232947314527276
6,bs,59.49415461483029
7,bs,63.689597986379745
8,bs,1.2303657992645916
9,bs,24.112341238461273
10,bs,43.38092937378513
11,bs,0.0
12,bs,0.0
13,bs,0.0
14,bs,0.0
15,bs,0.0
1,naive,9.192388155425117
2,naive,42.73062016867998
3,naive,54.27751652387939
4,naive,42.732882342914024
5,naive,25.559225992453946
6,naive,56.74065838622745
7,naive,63.3048648385116
8,naive,42.71354703135763
9,naive,68.42758849080295
10,naive,68.42759792900328
11,naive,54.99876544068967
12,naive,115.33970794040437
13,naive,47.31958579700376
14,naive,58.25181799738099
15,naive,120.75886340830914
1,bs,0.0
2,bs,42.73062016867998
3,bs,0.0
4,bs,7.290270914033306
5,bs,25.02450898619192
6,bs,56.57351824543588
7,bs,84.93032811271443
8,bs,25.02450898619192
9,bs,48.61153052517479
10,bs,48.164138457293454
11,bs,0.0
12,bs,0.0
13,bs,0.0
14,bs,0.0
15,bs,0.0
1,naive,27.90950465343303
2,naive,26.19373080210861
3,naive,60.40106124895489
4,naive,26.19313698280525
5,naive,56.22355289378287
6,naive,61.635371698761126
7,naive,56.837087816980485
8,naive,40.13391375549279
9,naive,43.70181184268375
10,naive,37.68856192533751
11,naive,50.883403974183956
12,naive,115.19393285045683
13,naive,31.876373695889562
14,naive,40.725574683892845
15,naive,107.06697185794829
1,bs,0.0
2,bs,24.53779194086814
3,bs,0.0
4,bs,15.13446728497571
5,bs,40.12814099855612
6,bs,65.8050051287894
7,bs,84.03510352822802
8,bs,0.9121677477306507
9,bs,37.687213127708624
10,bs,15.125014049580258
11,bs,0.0
12,bs,0.0
13,bs,0.0
14,bs,0.0
15,bs,0.0
1,naive,68.64592631759002
2,naive,23.42750591363352
3,naive,7.247844507162112
4,naive,23.427505913633517
5,naive,34.2318375200631
6,naive,60.483293120221774
7,naive,61.29078531301189
8,naive,19.79531341841632
9,naive,48.406308387096274
10,naive,48.404982784144586
11,naive,12.218805178903542
12,naive,72.81565976262706
13,naive,8.103443712397835
14,naive,19.81684216350661
15,naive,77.0831283689225
1,bs,0.0
2,bs,23.42750591363352
3,bs,0.0
4,bs,3.5426049737446017
5,bs,23.362808050403533
6,bs,62.68033530010296
7,bs,69.36297253097891
8,bs,23.362808050403526
9,bs,27.967285054744472
10,bs,46.67096563532122
11,bs,0.0
12,bs,0.0
13,bs,0.0
14,bs,0.0
15,bs,0.0
1,naive,49.8722412770872
2,naive,24.168051224705724
3,naive,12.0632416870425
4,naive,24.16854429487497
5,naive,17.58589681155518
6,naive,57.30788475022834
7,naive,48.41049209050084
8,naive,17.58574233102866
9,naive,17.14484567831782
10,naive,27.36
11,naive,33.545145699489815
12,naive,50.946619858436144
13,naive,67.69840323080005
14,naive,93.23135309540454
15,naive,100.3538901177851
1,bs,0.0
2,bs,14.502760082136088
3,bs,0.0
4,bs,24.16854429487497
5,bs,12.920847495423821
6,bs,71.78330446559283
7,bs,43.905626442784445
8,bs,11.981787568361131
9,bs,2.98399061660723
10,bs,19.34644153326394
11,bs,0.0
12,bs,0.0
13,bs,0.0
14,bs,0.0
15,bs,0.0
1,naive,5.034600282048219
2,naive,29.080430418639498
3,naive,10.17526658127442
4,naive,29.085797794341715
5,naive,29.49658553686059
6,naive,36.638096975689116
7,naive,25.873561688419407
8,naive,29.49645515424975
9,naive,25.121303708207503
10,naive,19.057621397575648
11,naive,36.493780977037716
12,naive,65.12405525866255
13,naive,31.063200897525032
14,naive,72.82089603952976
15,naive,94.88903706803502
1,bs,0.0
2,bs,25.53362586864623
3,bs,0.0
4,bs,29.085797794341715
5,bs,19.599085012656417
6,bs,47.3551014499318
7,bs,11.89919885258387
8,bs,22.24668289880539
9,bs,19.055315094044847
10,bs,3.026417023478422
11,bs,0.0
12,bs,0.0
13,bs,0.0
14,bs,0.0
15,bs,0.0
1,naive,4.1577878733769
2,naive,32.94997622659739
3,naive,16.857425663487295
4,naive,32.951402094599864
5,naive,49.95129386045304
6,naive,28.34133646774227
7,naive,19.133801097650316
8,naive,49.95006598260573
9,naive,47.19788166150397
10,naive,47.19870575556071
11,naive,62.06983325255514
12,naive,82.95107683767229
13,naive,4.37699097554473
14,naive,31.87888067880259
15,naive,85.4218227033396
1,bs,0.0
2,bs,32.94997622659739
3,bs,0.0
4,bs,12.607713908556141
5,bs,28.842219632568735
6,bs,33.748062660445164
7,bs,17.853462782702223
8,bs,47.19199402441054
9,bs,28.03239613970474
10,bs,48.47089573479464
11,bs,0.0
12,bs,0.0
13,bs,0.0
14,bs,0.0
15,bs,0.0
1,naive,5.706351724175439
2,naive,8.520636713297895
3,naive,63.286056916196
4,naive,8.5206367132979
5,naive,48.547404668014956
6,naive,62.036085952100585
7,naive,61.57583912625604
8,naive,48.54951930761005
9,naive,55.244748996322414
10,naive,55.244748996322414
11,naive,23.10117854136451
12,naive,86.3350606988977
13,naive,54.24923225263193
14,naive,66.16249113609109
15,naive,104.86842900424409
1,bs,0.0
2,bs,8.520636713297895
3,bs,0.0
4,bs,8.5206367132979
5,bs,28.14643375870793
6,bs,74.80200197855669
7,bs,59.585948777095645
8,bs,47.61880195889015
9,bs,32.53559947708561
10,bs,48.79831383698963
11,bs,0.0
12,bs,0.0
13,bs,0.0
14,bs,0.0
15,bs,0.0
1,naive,3.2951176003293114
2,naive,39.55776830577444
3,naive,8.435783899555512
4,naive,39.55971182908187
5,naive,41.04151668331309
6,naive,23.910470360432956
7,naive,22.10440902205453
8,naive,24.00633319216688
9,naive,34.2188554260172
10,naive,32.92309270608296
11,naive,21.48897508025918
12,naive,78.41128699931464
13,naive,45.1204837075136
14,naive,61.33191855252315
15,naive,91.20451765882713
1,bs,0.0
2,bs,39.55776830577444
3,bs,0.0
4,bs,10.026774157225244
5,bs,24.00633319216688
6,bs,25.652504750998492
7,bs,15.114109302238091
8,bs,26.5235753623074
9,bs,32.92309270608296
10,bs,19.091883092036788
11,bs,0.0
12,bs,0.0
13,bs,0.0
14,bs,0.0
15,bs,0.0
1,naive,11.872322856122132
2,naive,65.66125106687099
3,naive,51.746074247231554
4,naive,65.6613313399396
5,naive,49.54242786070676
6,naive,43.63277733186724
7,naive,42.52558707896055
8,naive,49.541815671208504
9,naive,14.648525523068868
10,naive,9.487214202985685
11,naive,47.26301725450884
12,naive,74.59376414955878
13,naive,12.395581874200179
14,naive,50.18957295428337
15,naive,91.69886121222581
1,bs,0.0
2,bs,44.66028213077029
3,bs,0.0
4,bs,48.30388838730619
5,bs,46.77377078377724
6,bs,47.7677900542475
7,bs,54.60574878160723
8,bs,28.607046334775635
9,bs,6.965001794687494
10,bs,6.957930726875626
11,bs,0.0
12,bs,0.0
13,bs,0.0
14,bs,0.0
15,bs,0.0
1,naive,13.887577182503794
2,naive,56.97009069093478
3,naive,25.335635969913994
4,naive,56.97055226167288
5,naive,48.07235102773041
6,naive,27.18023975856971
7,naive,26.946702024552096
8,naive,54.13642519905921
9,naive,43.81934618407719
10,naive,57.200922122520595
11,naive,18.243354954612926
12,naive,197.8438496011438
13,naive,16.638222561319463
14,naive,38.19275629400598
15,naive,196.77815387338651
1,bs,0.0
2,bs,33.53929088894596
3,bs,0.0
4,bs,50.35268149099245
5,bs,7.467047609329944
6,bs,31.967663349078236
7,bs,35.012657711176395
8,bs,7.467047609329933
9,bs,7.855956338982542
10,bs,43.81711689891671
11,bs,0.0
12,bs,0.0
13,bs,0.0
14,bs,0.0
15,bs,0.0
1,naive,23.744645712244264
2,naive,19.59929165386681
3,naive,19.148451634531707
4,naive,19.604002992586317
5,naive,52.703112178820454
6,naive,22.830438453958784
7,naive,25.775506396577352
8,naive,52.70284179561224
9,naive,61.53344591900138
10,naive,61.533085070824576
11,naive,32.99360241016431
12,naive,85.30852798390266
13,naive,70.85917054270392
14,naive,61.92044169739102
15,naive,107.23630492676088
1,bs,0.0
2,bs,19.59929165386681
3,bs,0.0
4,bs,11.582409075835649
5,bs,34.93532071318843
6,bs,31.75816325503308
7,bs,31.759875629479403
8,bs,39.83914699555367
9,bs,37.25288310990172
10,bs,51.9097845625787
11,bs,0.0
12,bs,0.0
13,bs,0.0
14,bs,0.0
15,bs,0.0
1,naive,51.328881246331484
2,naive,42.28148806905137
3,naive,60.64147755455832
4,naive,42.27756063603165
5,naive,88.1450000472706
6,naive,64.14066981532837
7,naive,64.15974731590693
8,naive,47.879198336368724
9,naive,21.989143533419696
10,naive,32.13356863675949
11,naive,30.483373336952063
12,naive,183.169671980198
13,naive,17.73423807215861
14,naive,66.52553494711636
15,naive,187.9111509463981
1,bs,0.0
2,bs,13.314820689742694
3,bs,0.0
4,bs,42.27756063603165
5,bs,62.32439169378229
6,bs,85.17049425515074
7,bs,85.10527284878809
8,bs,8.25900720425888
9,bs,13.286536418495228
10,bs,13.286536418495228
11,bs,0.0
12,bs,0.0
13,bs,0.0
14,bs,0.0
15,bs,0.0
1,naive,50.367216023917784
2,naive,12.096186726953801
3,naive,7.622611101190982
4,naive,12.096186726953801
5,naive,37.30853733843413
6,naive,63.121888084539606
7,naive,63.774832418439175
8,naive,37.30980959032981
9,naive,3.34730239645798
10,naive,3.75181733741574
11,naive,61.49000569198217
12,naive,70.68103723772028
13,naive,14.410836200581837
14,naive,15.592768623093635
15,naive,64.39879450217475
1,bs,0.0
2,bs,12.096186726953801
3,bs,0.0
4,bs,2.7435743110038064
5,bs,35.57711670910577
6,bs,54.72613604729158
7,bs,62.124517100738906
8,bs,21.538902014726748
9,bs,0.5020458146424487
10,bs,0.4949747468305834
11,bs,0.0
12,bs,0.0
13,bs,0.0
14,bs,0.0
15,bs,0.0
1,naive,43.105229381131934
2,naive,11.62040016522667
3,naive,32.72490183331342
4,naive,11.620400165226668
5,naive,33.723951429214225
6,naive,48.91390593266647
7,naive,49.58209060713716
8,naive,45.05471599436993
9,naive,15.99528055396341
10,naive,11.275810392162507
11,naive,18.257497090236658
12,naive,103.60262538500974
13,naive,47.008458813281685
14,naive,67.64331551109343
15,naive,112.6985795750563
1,bs,0.0
2,bs,5.267945519839778
3,bs,0.0
4,bs,11.620400165226668
5,bs,14.37548086152251
6,bs,65.47173455010947
7,bs,59.947522259055866
8,bs,14.37548086152251
9,bs,11.275810392162507
10,bs,0.0848528137423864
11,bs,0.0
12,bs,0.0
13,bs,0.0
14,bs,0.0
15,bs,0.0
1,naive,33.813846276340705
2,naive,29.529758295658297
3,naive,23.058752134493314
4,naive,29.529773111217768
5,naive,44.41928072357768
6,naive,24.474248273878167
7,naive,31.991120391892675
8,naive,47.24359524492888
9,naive,52.07936851575679
10,naive,52.07877518721038
11,naive,22.726411947335638
12,naive,90.7573762446362
13,naive,47.36908327168681
14,naive,66.37594971071977
15,naive,97.44057760260564
1,bs,0.0
2,bs,21.034477253626566
3,bs,0.0
4,bs,20.731455166807113
5,bs,24.14769657752059
6,bs,41.60406590707211
7,bs,41.60963870707523
8,bs,44.419280723577685
9,bs,32.24375288331059
10,bs,42.60719657522658
11,bs,0.0
12,bs,0.0
13,bs,0.0
14,bs,0.0
15,bs,0.0
1,naive,53.337064504901285
2,naive,36.95284021560453
3,naive,56.172562697459334
4,naive,36.95263770467994
5,naive,60.55686611221995
6,naive,53.656681383988484
7,naive,35.571725710176054
8,naive,60.557016315204955
9,naive,46.884083564325614
10,naive,46.88445015851916
11,naive,70.63289637272423
12,naive,95.60293174351166
13,naive,19.636355313550425
14,naive,46.571127321549774
15,naive,106.47342238347795
1,bs,0.0
2,bs,36.95284021560453
3,bs,0.0
4,bs,24.529534239361332
5,bs,46.122036309483704
6,bs,63.27191478057227
7,bs,63.271914780572274
8,bs,39.87214106783498
9,bs,39.65920321942941
10,bs,28.332223703761766
11,bs,0.0
12,bs,0.0
13,bs,0.0
14,bs,0.0
15,bs,0.0
1,naive,35.37655226276297
2,naive,10.619439721567236
3,naive,40.96976690194856
4,naive,10.619439721567236
5,naive,58.803823784399135
6,naive,58.7589747400344
7,naive,63.77626091788909
8,naive,58.802926514474315
9,naive,52.14917001576663
10,naive,52.14935498162945
11,naive,18.999959210482533
12,naive,80.58283173866954
13,naive,15.945257915756647
14,naive,21.135421689665904
15,naive,78.00345804249025
1,bs,0.0
2,bs,5.975052301026327
3,bs,0.0
4,bs,10.619439721567236
5,bs,48.16983184525351
6,bs,64.2910063046665
7,bs,70.89783941230745
8,bs,36.37763736143401
9,bs,40.40643059382174
10,bs,33.80684546064599
11,bs,0.0
12,bs,0.0
13,bs,0.0
14,bs,0.0
15,bs,0.0
1,naive,21.46069080901172
2,naive,10.443967158125307
3,naive,37.922136675034544
4,naive,10.451038225937173
5,naive,43.94794117286193
6,naive,43.673330916399465
7,naive,36.76091946619399
8,naive,43.94817885874226
9,naive,30.606084770842546
10,naive,30.606435597762772
11,naive,66.34782927873376
12,naive,109.50241663999932
13,naive,1.56270598642227
14,naive,1.5556349186104055
15,naive,106.23977726446256
1,bs,0.0
2,bs,10.443967158125307
3,bs,0.0
4,bs,10.451038225937173
5,bs,34.9445164987775
6,bs,57.019424468041294
7,bs,42.8085085000634
8,bs,27.85605140718978
9,bs,18.587278803884484
10,bs,25.69650624760754
11,bs,0.0
12,bs,0.0
13,bs,0.0
14,bs,0.0
15,bs,0.0
1,naive,27.53473805940416
2,naive,45.77092599747864
3,naive,38.68581199871601
4,naive,45.77320276828645
5,naive,35.04945268236486
6,naive,38.41014652940361
7,naive,39.67502236924385
8,naive,22.573261468678673
9,naive,45.0638690268231
10,naive,40.69503450463377
11,naive,41.910218920926674
12,naive,133.87260784043912
13,naive,20.230325009747126
14,naive,60.93051041965757
15,naive,180.516730600006
1,bs,0.0
2,bs,45.856585495796935
3,bs,0.0
4,bs,26.760146362330183
5,bs,16.899852070358484
6,bs,51.563821296202114
7,bs,55.318253768534674
8,bs,16.899852070358484
9,bs,40.69503450463377
10,bs,19.480791821689383
11,bs,0.0
12,bs,0.0
13,bs,0.0
14,bs,0.0
15,bs,0.0
1,naive,9.06510893481154
2,naive,1.8950461735799422
3,naive,34.95228819405104
4,naive,1.8879751057680831
5,naive,52.00876937273816
6,naive,43.53575186529102
7,naive,45.034262252941005
8,naive,52.00876937273816
9,naive,38.72487744762188
10,naive,36.24377785680369
11,naive,28.171134162472054
12,naive,109.0144670317762
13,naive,1.3788582233137676
14,naive,32.98400066699005
15,naive,115.03234404335318
1,bs,0.0
2,bs,1.8950461735799422
3,bs,0.0
4,bs,1.8879751057680831
5,bs,48.83164035745676
6,bs,52.401477953075585
7,bs,33.64866465899254
8,bs,30.048095336199484
9,bs,3.0405591591021626
10,bs,3.0476302269140163
11,bs,0.0
12,bs,0.0
13,bs,0.0
14,bs,0.0
15,bs,0.0
1,naive,41.733442225630036
2,naive,26.97923831393318
3,naive,11.730901499884823
4,naive,26.977331842369686
5,naive,41.80129902287727
6,naive,71.61666530913038
7,naive,78.14216723383093
8,naive,41.801863096437856
9,naive,41.94764911966661
10,naive,41.94764911966661
11,naive,15.789694423895606
12,naive,66.64346975783626
13,naive,1.4637110370561532
14,naive,3.701247537430229
15,naive,74.2706752209992
1,bs,0.0
2,bs,26.97923831393318
3,bs,0.0
4,bs,7.099352083112937
5,bs,38.66371554830187
6,bs,58.16895649743082
7,bs,64.96173514718748
8,bs,24.212313671628596
9,bs,24.236081228889567
10,bs,39.37287941379616
11,bs,0.0
12,bs,0.0
13,bs,0.0
14,bs,0.0
15,bs,0.0
1,naive,22.337503217683036
2,naive,46.47914039294043
3,naive,16.701862171626253
4,naive,46.4795541968007
5,naive,34.73147611797307
6,naive,40.987446983880446
7,naive,42.56250013542176
8,naive,50.471628581478
9,naive,19.667228876144872
10,naive,19.667228876144872
11,naive,3.5213917703090067
12,naive,62.55677336095056
13,naive,16.044252865122765
14,naive,57.2980081096484
15,naive,82.4069935882754
1,bs,0.0
2,bs,29.84625660503061
3,bs,0.0
4,bs,36.40598073577106
5,bs,2.3970919882223964
6,bs,51.1066625630488
7,bs,43.73470932794683
8,bs,34.73147611797307
9,bs,11.407875934341735
10,bs,19.320515003487873
11,bs,0.0
12,bs,0.0
13,bs,0.0
14,bs,0.0
15,bs,0.0
1,naive,64.44571203734195
2,naive,55.51188041011281
3,naive,64.97604212323185
4,naive,55.51150653993577
5,naive,22.145000188153833
6,naive,73.34478459158302
7,naive,73.39483096581121
8,naive,20.62916947754643
9,naive,29.27476430306485
10,naive,29.27476430306485
11,naive,36.45135457016652
12,naive,56.401926631789614
13,naive,51.703647840360354
14,naive,102.39613298362394
15,naive,126.6353636934714
1,bs,0.0
2,bs,33.468189374389524
3,bs,0.0
4,bs,47.117836679259085
5,bs,15.655344135470163
6,bs,89.36880682505128
7,bs,89.05557309904866
8,bs,13.484526317227461
9,bs,16.984588111971785
10,bs,28.780681599526677
11,bs,0.0
12,bs,0.0
13,bs,0.0
14,bs,0.0
15,bs,0.0
1,naive,45.94072757368999
2,naive,23.633516454391632
3,naive,7.106423150924803
4,naive,23.637481535335642
5,naive,50.70373843876472
6,naive,19.79839968280265
7,naive,30.756827348922524
8,naive,50.70373843876472
9,naive,61.50602599203865
10,naive,61.50582973724252
11,naive,38.657527727468555
12,naive,95.80633142147327
13,naive,24.762879477152897
14,naive,25.166885650261403
15,naive,98.18651126217252
1,bs,0.0
2,bs,24.296189001569772
3,bs,0.0
4,bs,23.637481535335642
5,bs,29.30013822492993
6,bs,30.716718574743634
7,bs,30.716718574743624
8,bs,47.519322736475665
9,bs,47.919557941756246
10,bs,39.672015325667545
11,bs,0.0
12,bs,0.0
13,bs,0.0
14,bs,0.0
15,bs,0.0
1,naive,70.97937869550564
2,naive,45.86052223863134
3,naive,18.64640581988926
4,naive,45.86403856327235
5,naive,21.521568251407704
6,naive,60.024445247521676
7,naive,45.56398914347455
8,naive,21.5168801951708
9,naive,24.272569565938692
10,naive,24.266850502966665
11,naive,19.26865978733342
12,naive,17.727050153447895
13,naive,2.411234123846127
14,naive,35.80193616738253
15,naive,34.3303808046991
1,bs,0.0
2,bs,45.86052223863134
3,bs,0.0
4,bs,8.49235244205044
5,bs,21.521568251407704
6,bs,62.14654160396485
7,bs,74.35227804176547
8,bs,17.762522343406076
9,bs,27.0963318550685
10,bs,24.266850502966665
11,bs,0.0
12,bs,0.0
13,bs,0.0
14,bs,0.0
15,bs,0.0
1,naive,9.319667376038696
2,naive,47.597299993452005
3,naive,54.66642525353199
4,naive,47.59780133227444
5,naive,26.126504262912785
6,naive,59.40784371813284
7,naive,55.77477808113628
8,naive,26.126504262912785
9,naive,29.540177724583852
10,naive,49.00598900474648
11,naive,25.229569952736014
12,naive,54.64614076035012
13,naive,58.87371060159195
14,naive,85.43414442325347
15,naive,88.48806192174551
1,bs,0.0
2,bs,42.82859208519467
3,bs,0.0
4,bs,27.80422989402871
5,bs,17.676188314603728
6,bs,70.87819193282704
7,bs,46.81527777695369
8,bs,19.328182359790933
9,bs,15.577562389539644
10,bs,29.535634974270202
11,bs,0.0
12,bs,0.0
13,bs,0.0
14,bs,0.0
15,bs,0.0
1,naive,46.414489117084976
2,naive,38.90142285315538
3,naive,29.062088706767103
4,naive,38.903892157469286
5,naive,49.722138261878214
6,naive,56.032095683337296
7,naive,54.451210795930486
8,naive,60.43784741368608
9,naive,21.96651087451077
10,naive,36.820545329113926
11,naive,33.51686142824235
12,naive,117.33962316947995
13,naive,37.68879143724298
14,naive,47.78069205582244
15,naive,142.31571464806504
1,bs,0.0
2,bs,39.934454213540135
3,bs,0.0
4,bs,23.102344036915387
5,bs,15.796765491707475
6,bs,53.55627445345067
7,bs,68.9796590186798
8,bs,49.72044884484988
9,bs,26.191235175149718
10,bs,21.963406687791704
11,bs,0.0
12,bs,0.0
13,bs,0.0
14,bs,0.0
15,bs,0.0
1,naive,6.130615792887367
2,naive,1.9374725804511466
3,naive,19.72120812729281
4,naive,1.9445436482630056
5,naive,21.158220427688775
6,naive,57.375145875942785
7,naive,60.309987194138444
8,naive,21.1586310206182
9,naive,49.51551095363957
10,naive,49.51622394057662
11,naive,68.21459118106624
12,naive,78.53270261320979
13,naive,33.49564822480676
14,naive,52.192099338245946
15,naive,96.04562529748047
1,bs,0.0
2,bs,1.9374725804511466
3,bs,0.0
4,bs,1.9445436482630056
5,bs,18.269657905937922
6,bs,43.80243372234013
7,bs,58.260988663083985
8,bs,12.62005942933709
9,bs,48.722948733972714
10,bs,28.738626155982704
11,bs,0.0
12,bs,0.0
13,bs,0.0
14,bs,0.0
15,bs,0.0
1,naive,62.967858864662055
2,naive,8.038360114683426
3,naive,31.88344476370143
4,naive,8.039502472168287
5,naive,25.97904331700201
6,naive,65.9285054433968
7,naive,59.37765351263611
8,naive,24.296930533162687
9,naive,38.97869792164262
10,naive,38.97833842875639
11,naive,52.91987150400122
12,naive,74.27208314681445
13,naive,21.121279554042175
14,naive,68.42892882399957
15,naive,101.98444854610199
1,bs,0.0
2,bs,8.038360114683426
3,bs,0.0
4,bs,3.6203867196751225
5,bs,24.302274241999108
6,bs,86.86265423068765
7,bs,67.17881387262902
8,bs,13.010764773832474
9,bs,23.609238304810543
10,bs,32.8617442223223
11,bs,0.0
12,bs,0.0
13,bs,0.0
14,bs,0.0
15,bs,0.0
1,naive,55.401816305965994
2,naive,34.55418112664998
3,naive,2.4890158697766473
4,naive,34.55877071502014
5,naive,32.432977558857175
6,naive,44.727270205099714
7,naive,43.377556142815116
8,naive,42.69
9,naive,62.79858139321301
10,naive,51.34808500161748
11,naive,24.26790473032231
12,naive,137.32281331470992
13,naive,36.727126214829276
14,naive,34.022774725174905
15,naive,147.5960544509022
1,bs,0.0
2,bs,34.55418112664998
3,bs,0.0
4,bs,18.823182515185895
5,bs,14.813887065858173
6,bs,43.02669665451903
7,bs,53.30169314071239
8,bs,30.186388488853712
9,bs,51.34635040584675
10,bs,15.733125881400682
11,bs,0.0
12,bs,0.0
13,bs,0.0
14,bs,0.0
15,bs,0.0
1,naive,39.37877664427883
2,naive,48.004340081566234
3,naive,18.200928547741732
4,naive,48.00603807508662
5,naive,55.88410231601351
6,naive,49.648516288978556
7,naive,51.80465374848094
8,naive,55.88454944496436
9,naive,29.589877069700712
10,naive,27.393474283729205
11,naive,53.78961284486067
12,naive,86.41785194367436
13,naive,26.056884886724276
14,naive,43.69528006547161
15,naive,101.55527111336512
1,bs,0.0
2,bs,44.435833888128315
3,bs,0.0
4,bs,27.797896203370016
5,bs,49.07057910126324
6,bs,70.85356324843515
7,bs,47.06567999437948
8,bs,33.014860795304486
9,bs,27.394324838063326
10,bs,14.21991736966147
11,bs,0.0
12,bs,0.0
13,bs,0.0
14,bs,0.0
15,bs,0.0
1,naive,51.442018331321336
2,naive,65.83471595594531
3,naive,20.48488345097428
4,naive,65.83471595594531
5,naive,35.40864713126818
6,naive,39.395929104413824
7,naive,40.085861223129534
8,naive,35.408457558423336
9,naive,51.49177701342225
10,naive,67.29471815578596
11,naive,17.74130913997048
12,naive,72.48945132183839
13,naive,70.72482025427848
14,naive,66.95125166865814
15,naive,88.64971210792612
1,bs,0.0
2,bs,45.23507746576028
3,bs,0.0
4,bs,47.92791079666767
5,bs,27.49590757427973
6,bs,50.917498301991756
7,bs,50.917772928516825
8,bs,22.904838644560094
9,bs,9.114606409494598
10,bs,51.49177701342225
11,bs,0.0
12,bs,0.0
13,bs,0.0
14,bs,0.0
15,bs,0.0
1,naive,0.0
2,naive,53.258548922528234
3,naive,31.88344476370143
4,naive,53.258548922528234
5,naive,35.71033592206417
6,naive,32.43471648301143
7,naive,36.72414146942943
8,naive,24.083958008046213
9,naive,33.74852626412004
10,naive,33.74775288815538
11,naive,70.08842415121059
12,naive,85.47324095458792
13,naive,51.88749560346886
14,naive,75.42919593897312
15,naive,104.37822991784574
1,bs,0.0
2,bs,53.258548922528234
3,bs,0.0
4,bs,7.1064231509248
5,bs,24.08395800804621
6,bs,45.21947865687971
7,bs,45.21947865687973
8,bs,2.976919548795361
9,bs,20.26280335985127
10,bs,28.814392237213678
11,bs,0.0
12,bs,0.0
13,bs,0.0
14,bs,0.0
15,bs,0.0
1,naive,39.79596964517889
2,naive,37.45146948607847
3,naive,25.682118292695407
4,naive,37.45210485851674
5,naive,29.115357201999085
6,naive,62.02829779049006
7,naive,68.97870135048935
8,naive,29.113970873104893
9,naive,5.1906101118590415
10,naive,3.900397415648821
11,naive,49.30655585213796
12,naive,52.18174252339393
13,naive,21.807173131793125
14,naive,45.394315723447136
15,naive,62.7715310287419
1,bs,0.0
2,bs,35.7048834194988
3,bs,0.0
4,bs,21.626003637596416
5,bs,17.13934168319581
6,bs,64.18549602519248
7,bs,71.56604245962839
8,bs,25.737156020042306
9,bs,1.6334166645409245
10,bs,1.6404877323527904
11,bs,0.0
12,bs,0.0
13,bs,0.0
14,bs,0.0
15,bs,0.0
1,naive,64.9053314451132
2,naive,19.061228536831862
3,naive,17.84737515714846
4,naive,19.061228536831862
5,naive,17.06824610204575
6,naive,84.41187897742829
7,naive,100.31390865677601
8,naive,17.06761651002662
9,naive,38.42780547121229
10,naive,50.665000082239544
11,naive,45.01441769033561
12,naive,115.11954069574807
13,naive,39.11714713523981
14,naive,32.78651602920526
15,naive,143.0398084662469
1,bs,0.0
2,bs,5.282087655463509
3,bs,0.0
4,bs,19.061228536831862
5,bs,9.85690282661513
6,bs,74.07398300573105
7,bs,106.62014959659359
8,bs,16.23280731522842
9,bs,17.472608563119586
10,bs,35.8220295349105
11,bs,0.0
12,bs,0.0
13,bs,0.0
14,bs,0.0
15,bs,0.0
1,naive,6.392245301926389
2,naive,43.13377678803469
3,naive,32.71783076550155
4,naive,43.13345520977114
5,naive,35.69078405788624
6,naive,51.01682607050043
7,naive,60.179372028775596
8,naive,35.689943845103855
9,naive,54.19077189276171
10,naive,31.776233781449513
11,naive,12.812774875100242
12,naive,70.29509776253565
13,naive,62.24660994785178
14,naive,55.82483407946682
15,naive,89.97736587520926
1,bs,0.0
2,bs,26.466784844404508
3,bs,0.0
4,bs,35.71597588381611
5,bs,28.970261188559096
6,bs,45.78932290028612
7,bs,75.52934352510508
8,bs,22.240047212180105
9,bs,31.771259549053664
10,bs,22.125371183327072
11,bs,0.0
12,bs,0.0
13,bs,0.0
14,bs,0.0
15,bs,0.0
1,naive,45.41746855561195
2,naive,17.473502797092515
3,naive,60.52834046956846
4,naive,17.467734064077497
5,naive,36.14533672089204
6,naive,64.5724497202854
7,naive,63.43304753395066
8,naive,36.14461912465902
9,naive,48.51803822634766
10,naive,70.76427788792874
11,naive,29.755053352329917
12,naive,121.46575378819057
13,naive,21.73646245367447
14,naive,49.30866455299717
15,naive,136.66309922231247
1,bs,0.0
2,bs,20.880863248438747
3,bs,0.0
4,bs,17.467734064077497
5,bs,20.991456198494976
6,bs,93.85516869979334
7,bs,75.2136273113678
8,bs,35.631499173250255
9,bs,3.8254476862192197
10,bs,48.514877443247585
11,bs,0.0
12,bs,0.0
13,bs,0.0
14,bs,0.0
15,bs,0.0
1,naive,51.16624668665858
2,naive,43.12803757418136
3,naive,5.077026688919411
4,naive,43.13001622999926
5,naive,27.79293855160575
6,naive,39.01927254575616
7,naive,35.66792214301248
8,naive,48.01803228996374
9,naive,21.435000194386127
10,naive,14.046038587445215
11,naive,40.14952303577217
12,naive,123.88300500875818
13,naive,36.514994180473316
14,naive,38.38260586949945
15,naive,135.6478812649378
1,bs,0.0
2,bs,41.527995777948796
3,bs,0.0
4,bs,24.91738549687748
5,bs,28.079210280917803
6,bs,43.12040854784812
7,bs,43.122641771270615
8,bs,27.798530536702838
9,bs,15.15329832082771
10,bs,3.5355339059327378
11,bs,0.0
12,bs,0.0
13,bs,0.0
14,bs,0.0
15,bs,0.0
1,naive,59.41818282310559
2,naive,33.77849093728138
3,naive,26.799347006970148
4,naive,31.565246712167475
5,naive,22.12882584624257
6,naive,60.03949271852183
7,naive,63.067683932951475
8,naive,32.3396665618762
9,naive,41.83076379890762
10,naive,41.83076379890762
11,naive,6.427600640985717
12,naive,61.90055575631915
13,naive,61.3203000644974
14,naive,61.79352258395158
15,naive,77.13624593676563
1,bs,0.0
2,bs,33.77849093728138
3,bs,0.0
4,bs,31.565246712167475
5,bs,1.866761902332486
6,bs,77.78909799365633
7,bs,78.16498981854558
8,bs,22.12564650656187
9,bs,24.389156060293136
10,bs,41.67196339666915
11,bs,0.0
12,bs,0.0
13,bs,0.0
14,bs,0.0
15,bs,0.0
1,naive,17.875659428395924
2,naive,45.01701706021846
3,naive,30.455089065704602
4,naive,45.01701706021846
5,naive,47.631492383366144
6,naive,61.90517860226055
7,naive,60.90112132702394
8,naive,27.500882410085197
9,naive,21.74519314699228
10,naive,21.744677509680383
11,naive,46.93774813516302
12,naive,73.86216102228768
13,naive,54.48964855823535
14,naive,83.1631446816036
15,naive,97.30596042868586
1,bs,0.0
2,bs,37.45879380510447
3,bs,0.0
4,bs,27.51949551378683
5,bs,27.500882410085197
6,bs,73.6863877071833
7,bs,68.25387241761452
8,bs,25.201285681488557
9,bs,14.17674269122965
10,bs,16.73783837098845
11,bs,0.0
12,bs,0.0
13,bs,0.0
14,bs,0.0
15,bs,0.0
1,naive,16.54629867976521
2,naive,59.48425842187157
3,naive,39.44948732239749
4,naive,59.48425842187157
5,naive,36.43620680952762
6,naive,16.26727789152199
7,naive,26.550443633635524
8,naive,21.19692745030122
9,naive,69.14272340600998
10,naive,49.70620316754574
11,naive,24.020417356907018
12,naive,113.6111488318329
13,naive,47.093311627024065
14,naive,53.29764941658621
15,naive,125.63136622302586
1,bs,0.0
2,bs,37.25162949456037
3,bs,0.0
4,bs,47.983112654349554
5,bs,21.19692745030122
6,bs,23.47594513539338
7,bs,23.48301620320524
8,bs,16.27759810291433
9,bs,49.70345762620545
10,bs,1.9657568516986028
11,bs,0.0
12,bs,0.0
13,bs,0.0
14,bs,0.0
15,bs,0.0
1,naive,60.196000282410786
2,naive,59.69517477708452
3,naive,44.80228565597965
4,naive,59.69517477708452
5,naive,36.11500011537219
6,naive,91.16308741559195
7,naive,92.00838005312342
8,naive,30.20736334074856
9,naive,54.985659645644574
10,naive,31.874255023974023
11,naive,10.599530649986347
12,naive,105.39189015289554
13,naive,35.652323907425725
14,naive,63.42258351722989
15,naive,123.64822886858987
1,bs,0.0
2,bs,46.15658457901755
3,bs,0.0
4,bs,38.76802333538988
5,bs,25.533625868646237
6,bs,89.4375224668036
7,bs,100.06163213240127
8,bs,16.885709934734756
9,bs,31.874255023974023
10,bs,25.89425032705137
11,bs,0.0
12,bs,0.0
13,bs,0.0
14,bs,0.0
15,bs,0.0
1,naive,21.071782079359117
2,naive,60.21607668776393
3,naive,54.41186681230484
4,naive,60.21607668776393
5,naive,38.71492089621261
6,naive,61.91454796733963
7,naive,62.83509347035756
8,naive,30.41799467420559
9,naive,32.61217397946152
10,naive,18.956932768778817
11,naive,6.901362184380703
12,naive,146.28505539983684
13,naive,48.429743443466634
14,naive,73.91480929646868
15,naive,146.83075024591332
1,bs,0.0
2,bs,47.93504598238468
3,bs,0.0
4,bs,38.126543247454265
5,bs,10.401540751254116
6,bs,59.1003205716066
7,bs,73.05306992180411
8,bs,10.408611819065978
9,bs,18.956932768778817
10,bs,14.729034252115785
11,bs,0.0
12,bs,0.0
13,bs,0.0
14,bs,0.0
15,bs,0.0
1,naive,67.36606304364237
2,naive,50.97870960835841
3,naive,25.554839072081826
4,naive,50.9780196914971
5,naive,37.80808775910255
6,naive,49.52622133779238
7,naive,49.51248852562351
8,naive,37.807150117405044
9,naive,21.592459331905665
10,naive,31.54214469034512
11,naive,1.965756851698602
12,naive,54.51358594528872
13,naive,25.69626042831914
14,naive,60.21838119157084
15,naive,81.54957409440121
1,bs,0.0
2,bs,29.514139549262378
3,bs,0.0
4,bs,49.70001207243315
5,bs,22.221698854948066
6,bs,65.70500767318526
7,bs,65.70501071709322
8,bs,33.52344403548061
9,bs,1.788980156401966
10,bs,21.592459331905665
11,bs,0.0
12,bs,0.0
13,bs,0.0
14,bs,0.0
15,bs,0.0
